Package	Architecture	Version	Filename	Size	SHA256
apt	arm64	3.0.3	pool/main/a/apt/apt_3.0.3_arm64.deb	1361960	9d88b95c6a6c9880b1bb40aebe7df3b34a0a160a9430d76fac496512a4cf69a6
base-files	arm64	13.8+deb13u6	pool/main/b/base-files/base-files_13.8+deb13u6_arm64.deb	73276	5f5a571ec846d7db05d9f825f0388a37bc033267b33cbf85b4eaa838dffcc41b
base-passwd	arm64	3.6.7	pool/main/b/base-passwd/base-passwd_3.6.7_arm64.deb	53392	c5755fd2cbf76961a1230e708b6bfc12c5400b57f3cd8a255675e9aa11d85848
bash	arm64	5.2.37-2+b9	pool/main/b/bash/bash_5.2.37-2+b9_arm64.deb	1456660	f9b0e4eb4ae81b3934a3211d755de26fa03881af3f159eb582437d3e8f55d9eb
binutils	arm64	2.44-3	pool/main/b/binutils/binutils_2.44-3_arm64.deb	261580	7228716cad15e78d1571f1cd4ec7141f64608790d0fbcba23a07f2eda6298272
binutils-aarch64-linux-gnu	arm64	2.44-3	pool/main/b/binutils/binutils-aarch64-linux-gnu_2.44-3_arm64.deb	820124	79cbf1459118bce3535133ffbf1fd2adbd57af65271f95c829af5cfa7f474168
binutils-common	arm64	2.44-3	pool/main/b/binutils/binutils-common_2.44-3_arm64.deb	2508772	f2d6b7d0b5521c4c90fc105e32819cd5268c1aa69104173b3fb856595f898249
bison	arm64	2:3.8.2+dfsg-1+b2	pool/main/b/bison/bison_3.8.2+dfsg-1+b2_arm64.deb	1149324	36b26ef0700504923089b4920e0bd704ff03de750515c90399cbc69bf43aed6d
bsdutils	arm64	1:2.41-5	pool/main/u/util-linux/bsdutils_2.41-5_arm64.deb	109072	a96b13485499f2c764b23fddac21397f79c104b4140838a8daebb1e6c6e8fec8
build-essential	arm64	12.12	pool/main/b/build-essential/build-essential_12.12_arm64.deb	4624	3278c93c699f9c12b6f7fe8e03393aa50d1c6b1c4b35da8f15b1c7bae67dc961
bzip2	arm64	1.0.8-6	pool/main/b/bzip2/bzip2_1.0.8-6_arm64.deb	39492	9fa8514c3fb3f363e7fa8bc85f699aaf15e747afaf220c57b978e9b74fd568bc
ca-certificates	all	20250419	pool/main/c/ca-certificates/ca-certificates_20250419_all.deb	161704	ef590f89563aa4b46c8260d49d1cea0fc1b181d19e8df3782694706adf05c184
coreutils	arm64	9.7-3	pool/main/c/coreutils/coreutils_9.7-3_arm64.deb	2948764	99b2531e8d16e4f2d3f239ae3cb57913ec1f43764d2d6cd5c69154cbb1e57f3e
cpp	arm64	4:14.2.0-1	pool/main/g/gcc-defaults/cpp_14.2.0-1_arm64.deb	1568	88b702b0fa5942a4ee52c27f1ccf6316b831357e86693b709d216ba43348172e
cpp-14	arm64	14.2.0-19	pool/main/g/gcc-14/cpp-14_14.2.0-19_arm64.deb	1276	0b440241f7c3e2e87f2d0f1dd36792c4e2705d38a699ed331818799f21ef9437
cpp-14-aarch64-linux-gnu	arm64	14.2.0-19	pool/main/g/gcc-14/cpp-14-aarch64-linux-gnu_14.2.0-19_arm64.deb	9168888	8e588ac3efe06f7784b08feac584c70e6965b74c045bae7e4e80bb42938f7dbe
cpp-aarch64-linux-gnu	arm64	4:14.2.0-1	pool/main/g/gcc-defaults/cpp-aarch64-linux-gnu_14.2.0-1_arm64.deb	4832	bd9c9f4536a0aea285c4735d2dfedff624f8457b8f1bb3d15ab924e029cd7aff
dash	arm64	0.5.12-12	pool/main/d/dash/dash_0.5.12-12_arm64.deb	95648	ce4c8688a1a3ea510186ba95aba74d4c49863094e47e1effc0b602839e840c04
debconf	all	1.5.91	pool/main/d/debconf/debconf_1.5.91_all.deb	121088	1ddc7e6c5925f748eefb7ca811d98e049f18c158bb21fbc7e122262ce6011e49
debian-archive-keyring	all	2025.1	pool/main/d/debian-archive-keyring/debian-archive-keyring_2025.1_all.deb	179244	9ea7778e443144ca490668737a8ab22dd3e748bb99e805e22ec055abeb3c7fac
debianutils	arm64	5.23.2	pool/main/d/debianutils/debianutils_5.23.2_arm64.deb	92412	662d59d9cd0d46f0250ddcd997353be915fbc6be692d7c676c73dc33c90715e8
diffutils	arm64	1:3.10-4	pool/main/d/diffutils/diffutils_3.10-4_arm64.deb	377920	85cfb5576fa43ba2bd2047c53140fb465b929753048e53eb0fe6482ed343a5b9
dpkg	arm64	1.22.22	pool/main/d/dpkg/dpkg_1.22.22_arm64.deb	1521436	1142468e57f69e13d174f517dff739508c61ee97d81c182c120cd6b281d8cdfa
dpkg-dev	all	1.22.22	pool/main/d/dpkg/dpkg-dev_1.22.22_all.deb	1337268	6d4020421740a70e1fb9c41b07f8bb8306d93aef6fea1a8ce11a1f839921f414
fakeroot	arm64	1.37.1.1-1	pool/main/f/fakeroot/fakeroot_1.37.1.1-1_arm64.deb	75440	12033a4b5d561769b89cea9346b94e516e03863b3d7180c24f0dd178d50606df
findutils	arm64	4.10.0-3	pool/main/f/findutils/findutils_4.10.0-3_arm64.deb	695700	c8b505ce907c293031095b3a237cb231967963b1d5aa8b1699aff45ccec3158a
flex	arm64	2.6.4-8.2+b4	pool/main/f/flex/flex_2.6.4-8.2+b4_arm64.deb	411652	2b5f5aa509bc12ef82cc42b854704ff538efabea9824b49ed53418f1eba43d51
g++	arm64	4:14.2.0-1	pool/main/g/gcc-defaults/g++_14.2.0-1_arm64.deb	1332	e4b8f8fae7c838c40b9db29251b152c9af03a4d4463388d69efdda66c4e97e79
g++-14	arm64	14.2.0-19	pool/main/g/gcc-14/g++-14_14.2.0-19_arm64.deb	22540	f4813643994aa96c527e687c9c7d01855aa5fdd86e63cc8bd05c63ecc9373796
g++-14-aarch64-linux-gnu	arm64	14.2.0-19	pool/main/g/gcc-14/g++-14-aarch64-linux-gnu_14.2.0-19_arm64.deb	10059100	411dac8f1c1d0293e58deddeb170c641ad82c56d51a95f056ee12ba02c24288b
g++-aarch64-linux-gnu	arm64	4:14.2.0-1	pool/main/g/gcc-defaults/g++-aarch64-linux-gnu_14.2.0-1_arm64.deb	1200	655d9a7cb70b0342f5f1bf4f2a7b0241df15d49ab9a2567445c785b7592122f9
gcc	arm64	4:14.2.0-1	pool/main/g/gcc-defaults/gcc_14.2.0-1_arm64.deb	5136	f543b52e29a6780a78c73cf08e551e8e524d623c1092c477cfd8beb5285a86f5
gcc-14	arm64	14.2.0-19	pool/main/g/gcc-14/gcc-14_14.2.0-19_arm64.deb	529264	f4ba77903d7efc3c64c69a8a98c7efa8ea1ae4331521bb74abd76bcc43f1b576
gcc-14-aarch64-linux-gnu	arm64	14.2.0-19	pool/main/g/gcc-14/gcc-14-aarch64-linux-gnu_14.2.0-19_arm64.deb	17686496	5ff736a332ba5d60ad463355ed25c8c39da1281acf9155cc2f8a55fc1d478be8
gcc-14-base	arm64	14.2.0-19	pool/main/g/gcc-14/gcc-14-base_14.2.0-19_arm64.deb	49444	34ee90679b018c0e64234747a4c4c0ae6b7f63541115037465a8627c2dfbc594
gcc-aarch64-linux-gnu	arm64	4:14.2.0-1	pool/main/g/gcc-defaults/gcc-aarch64-linux-gnu_14.2.0-1_arm64.deb	1440	c8390408ed90cc96d4fead68e313ed5ce147f1654807c23235818d535d2d7d7e
glslang-tools	arm64	15.1.0+1.4.309.0-1	pool/main/g/glslang/glslang-tools_15.1.0+1.4.309.0-1_arm64.deb	2083576	211d229e8c28f79b6d3949193299fe28dab63d37237b6fff13425466ace5adf6
grep	arm64	3.11-4+b1	pool/main/g/grep/grep_3.11-4+b1_arm64.deb	426128	6f7257fbec0197bd54b2347861ff01e2c4e8411790b0df20242483615324fe66
gzip	arm64	1.13-1	pool/main/g/gzip/gzip_1.13-1_arm64.deb	135008	cd46c9482fd3b96d4ecf282b01185ef9341b0ffcd40816372141f73037ce2c36
hostname	arm64	3.25	pool/main/h/hostname/hostname_3.25_arm64.deb	10808	04d1ff24cb605788b59ed30d0052c1039c8bce2fb44c01c3c4b0c6edd4ea7ccc
init-system-helpers	all	1.69~deb13u1	pool/main/i/init-system-helpers/init-system-helpers_1.69~deb13u1_all.deb	39360	addf78073e1cbc5a5508937e11d2571055e29835e00ee8fab52a66775649378f
libacl1	arm64	2.3.2-2+b1	pool/main/a/acl/libacl1_2.3.2-2+b1_arm64.deb	32216	10b2399169e42e6d8db55944116cb2ed61caab997cf700acb83de0b0668e5721
libalgorithm-diff-perl	all	1.201-1	pool/main/liba/libalgorithm-diff-perl/libalgorithm-diff-perl_1.201-1_all.deb	43296	3a8b61891f0ce9bd310088ce2d269d63b5afd88b9196fa4f046fd890faea4a17
libalgorithm-diff-xs-perl	arm64	0.04-9	pool/main/liba/libalgorithm-diff-xs-perl/libalgorithm-diff-xs-perl_0.04-9_arm64.deb	10876	a8b5fda8919bfd7de21e986b7cc93b18343722d575cbb97036b8b48e0c0b6814
libalgorithm-merge-perl	all	0.08-5	pool/main/liba/libalgorithm-merge-perl/libalgorithm-merge-perl_0.08-5_all.deb	11788	46dbe02369411b46f676ddb55fa8ee3a98f7a15607ddab785979c25bacb5d7db
libapt-pkg7.0	arm64	3.0.3	pool/main/a/apt/libapt-pkg7.0_3.0.3_arm64.deb	978112	c5aea30677a9c7a56edc92fcba3361f5e8cb31d5cdfedf72fc9d8e4fba150bda
libasan8	arm64	14.2.0-19	pool/main/g/gcc-14/libasan8_14.2.0-19_arm64.deb	2577836	5621bd583a3390b45726a8eebe23601f7fad86a25193e5349976cbf17e2bc9ad
libatomic1	arm64	14.2.0-19	pool/main/g/gcc-14/libatomic1_14.2.0-19_arm64.deb	10128	7ccff90234484bf21ae5ecb79d25b6a84b2f4038f65dd139085b2e3a937cd8dc
libattr1	arm64	1:2.5.2-3	pool/main/a/attr/libattr1_2.5.2-3_arm64.deb	22664	25057d7bfba969a76cdf18ae88ce7ff6e664520726ddf02cdde97c03d5e9a43c
libaudit-common	all	1:4.0.2-2	pool/main/a/audit/libaudit-common_4.0.2-2_all.deb	12692	b6edcd7aa36a2a5a1abd2c52966d69a99eebdb69c8f5cb33cbf415b0875775e3
libaudit1	arm64	1:4.0.2-2+b2	pool/main/a/audit/libaudit1_4.0.2-2+b2_arm64.deb	54568	a1124818a702c584ee139948c20596f6bb464d8110a14bc2dc748646ae461cab
libbinutils	arm64	2.44-3	pool/main/b/binutils/libbinutils_2.44-3_arm64.deb	660392	c51c0cc0272202d00fc3e6da8b96bfed2a428c239b689363abddd3bac6bd7a02
libblkid1	arm64	2.41-5	pool/main/u/util-linux/libblkid1_2.41-5_arm64.deb	165512	ee91c24cc227ed977c39d746d09532d357e66f147bd670be6cb69e2c3435cf76
libbz2-1.0	arm64	1.0.8-6	pool/main/b/bzip2/libbz2-1.0_1.0.8-6_arm64.deb	37772	3537fe4fc577a60c8a9568873cd577db7ebc135eb8bb1825f18caf8972d9d2f2
libc-bin	arm64	2.41-12+deb13u3	pool/main/g/glibc/libc-bin_2.41-12+deb13u3_arm64.deb	551364	02f366115bea79b87fe26c7dec4dc444f9fdcc76440905d88cc26dbef075511b
libc-dev-bin	arm64	2.41-12+deb13u3	pool/main/g/glibc/libc-dev-bin_2.41-12+deb13u3_arm64.deb	59004	abe73702b06627e16b95b7928200f67385a14ad1f1c6edd9af135dd26092a485
libc6	arm64	2.41-12+deb13u3	pool/main/g/glibc/libc6_2.41-12+deb13u3_arm64.deb	2489480	ff529924782d3286181188fc265a6a92e7fe28975fb3a925dc0e05c0ca66e52f
libc6-dev	arm64	2.41-12+deb13u3	pool/main/g/glibc/libc6-dev_2.41-12+deb13u3_arm64.deb	1625604	b2d2660900bd0bfe110b485532367774589d86d2e57b4ed74d8f06e3208a6959
libcap-ng0	arm64	0.8.5-4+b1	pool/main/libc/libcap-ng/libcap-ng0_0.8.5-4+b1_arm64.deb	17032	eb6da83296e4710a8600c1426692ed9b9eadcab7ebd36dbabc2a562b5c1ab691
libcap2	arm64	1:2.75-10+deb13u1+b1	pool/main/libc/libcap2/libcap2_2.75-10+deb13u1+b1_arm64.deb	28424	c9a77aa670c9ca163c624a00e55c4419df40b770fe516010dc495c04a16c80b0
libcc1-0	arm64	14.2.0-19	pool/main/g/gcc-14/libcc1-0_14.2.0-19_arm64.deb	42164	f5e390b5fd65432b820afa403a61ab4d6286948fc07ca3aacb4d230a81f5c9a5
libcrypt-dev	arm64	1:4.4.38-1	pool/main/libx/libxcrypt/libcrypt-dev_4.4.38-1_arm64.deb	123160	eec6d4658495cdb8ce505cad91e0918edb8086677f280f3851c07ccd70543054
libcrypt1	arm64	1:4.4.38-1	pool/main/libx/libxcrypt/libcrypt1_4.4.38-1_arm64.deb	91760	b9aaa808aa3812b3de3e54eb5dfb16762c1779db032604abef2354c02fdc29b8
libctf-nobfd0	arm64	2.44-3	pool/main/b/binutils/libctf-nobfd0_2.44-3_arm64.deb	152088	7b1894cbd09bd59507af259ba680a1f5d3b68c6ba9e5d69508ea2d75b3f01be6
libctf0	arm64	2.44-3	pool/main/b/binutils/libctf0_2.44-3_arm64.deb	84232	12cb7df9eafd965c00c38a8720c5b78e7b0106390f69fe180a3b3589f407d550
libdb5.3t64	arm64	5.3.28+dfsg2-9	pool/main/d/db5.3/libdb5.3t64_5.3.28+dfsg2-9_arm64.deb	629132	bfef56508d69fd3f940668f6abd0a466a362cabf63c4cc1c787cc58d28f6e92f
libdebconfclient0	arm64	0.280	pool/main/c/cdebconf/libdebconfclient0_0.280_arm64.deb	10784	8c2976dc62d0f5133018ea62636105335f9b17da77adce7fed1ffb24e2533dba
libdpkg-perl	all	1.22.22	pool/main/d/dpkg/libdpkg-perl_1.22.22_all.deb	650808	b41eaeb4879091023f8c1a058510844a244d3d0bd0f437e0e05d58213e36fd9f
libdrm-amdgpu1	arm64	2.4.124-2	pool/main/libd/libdrm/libdrm-amdgpu1_2.4.124-2_arm64.deb	21828	e36c72774cc215818b48ee2174c7ad1d9a2bf89a09cdee7a7a128d288d8eef43
libdrm-common	all	2.4.124-2	pool/main/libd/libdrm/libdrm-common_2.4.124-2_all.deb	8288	9a8a6c65c165e9964f106fb4ac710959b5d33e0790227e3ab6b27c4742d1254a
libdrm-dev	arm64	2.4.124-2	pool/main/libd/libdrm/libdrm-dev_2.4.124-2_arm64.deb	318204	7871c74757d8d000c900dbbdb0e81a2665893fcab1704b6019953529bb4c0f4a
libdrm-etnaviv1	arm64	2.4.124-2	pool/main/libd/libdrm/libdrm-etnaviv1_2.4.124-2_arm64.deb	14488	cf942e4973a79f77ab289c10c11228afae689a27ef93c9cf69b42bfff87ab3df
libdrm-freedreno1	arm64	2.4.124-2	pool/main/libd/libdrm/libdrm-freedreno1_2.4.124-2_arm64.deb	21164	9d2bcf88c027235817474df8768bfd25c9df8c96d12555a6bf0ee3e95603c467
libdrm-nouveau2	arm64	2.4.124-2	pool/main/libd/libdrm/libdrm-nouveau2_2.4.124-2_arm64.deb	19220	3797aa049be22c45a61a440d8aff884476d8149c73d7432dafe34154b6d4bb5f
libdrm-radeon1	arm64	2.4.124-2	pool/main/libd/libdrm/libdrm-radeon1_2.4.124-2_arm64.deb	21500	ddd2abf28e06cd3fa2dc6803d3fea6f191877a25b1283ecce33ca03f8d604e58
libdrm-tegra0	arm64	2.4.124-2	pool/main/libd/libdrm/libdrm-tegra0_2.4.124-2_arm64.deb	11808	7583a6e3c7f0cf56e504ec0f6da1c6166c49b078a23aa7f2c7dc67e5ec1d084e
libdrm2	arm64	2.4.124-2	pool/main/libd/libdrm/libdrm2_2.4.124-2_arm64.deb	38304	b535506630bb6a9a616bc07caf3b29915f980d8c3437852fb96ea64fb1a8a3f8
libexpat1	arm64	2.7.1-2	pool/main/e/expat/libexpat1_2.7.1-2_arm64.deb	93320	7f6868227f4893a11123e43b9ed291950b550c7dc209905b2fb871c74678d1bf
libfakeroot	arm64	1.37.1.1-1	pool/main/f/fakeroot/libfakeroot_1.37.1.1-1_arm64.deb	29624	418dd0c1c6c45011476f66da625f72b6cf72b45dcd838b631c2c7ed1ba0fb09c
libffi8	arm64	3.4.8-2	pool/main/libf/libffi/libffi8_3.4.8-2_arm64.deb	21260	d84a783b818f2386627604e64b793eb4ac5bb9ea1ba321a194a1c9c82fe09a01
libfile-fcntllock-perl	arm64	0.22-4+b4	pool/main/libf/libfile-fcntllock-perl/libfile-fcntllock-perl_0.22-4+b4_arm64.deb	34640	28844af39411b0c1164612dd3b96037baa6b5322ab74876ceb5ad7e625378c67
libfl-dev	arm64	2.6.4-8.2+b4	pool/main/f/flex/libfl-dev_2.6.4-8.2+b4_arm64.deb	85596	382939a96f335b0ae0336292556b95189a04eb7b989690ba6015f9ee56736fab
libfl2	arm64	2.6.4-8.2+b4	pool/main/f/flex/libfl2_2.6.4-8.2+b4_arm64.deb	84404	ff84d05910b1efe16acc4dfe3d2acc8ae83fb2ce4a4283944f53faa53304d330
libgcc-14-dev	arm64	14.2.0-19	pool/main/g/gcc-14/libgcc-14-dev_14.2.0-19_arm64.deb	2358568	64b8ebc7182a69aa9525df6eab5e7eb849b947e350d821549f8a8a3e9b19e5ba
libgcc-s1	arm64	14.2.0-19	pool/main/g/gcc-14/libgcc-s1_14.2.0-19_arm64.deb	54104	1108bc87879833d6d9a145f22a4a15cddb34e065b4b5f4b97bee586adbac2851
libgdbm-compat4t64	arm64	1.24-2	pool/main/g/gdbm/libgdbm-compat4t64_1.24-2_arm64.deb	50320	266b9a9e8d1ecc4393ebd29bec7e7c0fe1505b1d8755033af9e15df161316627
libgdbm6t64	arm64	1.24-2	pool/main/g/gdbm/libgdbm6t64_1.24-2_arm64.deb	74028	329efe726e24a413b9933e298ce24d255973ec111eea0ca721157968fd24156a
libgmp10	arm64	2:6.3.0+dfsg-3	pool/main/g/gmp/libgmp10_6.3.0+dfsg-3_arm64.deb	535088	a27bbc27f119161ea9702c8dd66f54131cdf0d2ca73000f50ea91ef2fdfef0fb
libgomp1	arm64	14.2.0-19	pool/main/g/gcc-14/libgomp1_14.2.0-19_arm64.deb	123520	43e84cb7971d8a4d8870cab6204e998ea4f23ee1339bb0ff556dd881bac82d25
libgpm2	arm64	1.20.7-11+b2	pool/main/g/gpm/libgpm2_1.20.7-11+b2_arm64.deb	14668	98772e064654b12f74175ab8c0cb80d77c04aeff82eb0c197076a76825d8d286
libgprofng0	arm64	2.44-3	pool/main/b/binutils/libgprofng0_2.44-3_arm64.deb	667648	4642014c84f3d070d889725900fbd23165189597d45deddc7bdcf9928de9e32e
libhogweed6t64	arm64	3.10.1-1	pool/main/n/nettle/libhogweed6t64_3.10.1-1_arm64.deb	331628	cb92d5a51c4fd6c7b7cbb62aaa60c7af830d0bea5b410fb1f47ee685e26944d1
libhwasan0	arm64	14.2.0-19	pool/main/g/gcc-14/libhwasan0_14.2.0-19_arm64.deb	1442000	5a758db399fafd354b6488c4f250b7670fb1f61c31b4e4f329d0fbb750a17084
libisl23	arm64	0.27-1	pool/main/i/isl/libisl23_0.27-1_arm64.deb	600836	21c490db3fa5f0a517c55090a199334da6164589772ebd922dff1e569c78515d
libitm1	arm64	14.2.0-19	pool/main/g/gcc-14/libitm1_14.2.0-19_arm64.deb	24192	d6f0255b498af876ab7bf4420672e43cbe58dcd577f0711131cbfbcbee283cdb
libjansson4	arm64	2.14-2+b3	pool/main/j/jansson/libjansson4_2.14-2+b3_arm64.deb	39228	7938472b1ddfa8b0c8f58d5f44406ae7a77a342dbb502a02f6bf292b4f853ab0
liblastlog2-2	arm64	2.41-5	pool/main/u/util-linux/liblastlog2-2_2.41-5_arm64.deb	28328	2aabc6ee5bcd7867c4da38e8348f4a1ec6ca5ff4f37944dc7b056bd9f45156c7
liblocale-gettext-perl	arm64	1.07-7+b1	pool/main/libl/liblocale-gettext-perl/liblocale-gettext-perl_1.07-7+b1_arm64.deb	15168	77a243d34072040668a91b06d309ea760428038b41dd39e366b5e32fab5b5ce9
liblsan0	arm64	14.2.0-19	pool/main/g/gcc-14/liblsan0_14.2.0-19_arm64.deb	1161132	488a54a5fe01a926ae16d73dc7ea9f530f1bf63fae73640f741695eec2541a38
liblz4-1	arm64	1.10.0-4	pool/main/l/lz4/liblz4-1_1.10.0-4_arm64.deb	59988	f86fa7f8112d56b74f99c4a8baade57a9962d187d7c8e319428e171b2a34d223
liblzma5	arm64	5.8.1-1+deb13u1	pool/main/x/xz-utils/liblzma5_5.8.1-1+deb13u1_arm64.deb	302720	6a7b98005f84fc26d66a45e432f70d0793646a734f8c44cd1626b3ffa8edd7c6
libmd0	arm64	1.1.0-2+b1	pool/main/libm/libmd/libmd0_1.1.0-2+b1_arm64.deb	33664	772e86842fd3fa1816a0cfee4833a73996aaa550461491543b886b9c8f999052
libmount1	arm64	2.41-5	pool/main/u/util-linux/libmount1_2.41-5_arm64.deb	198880	2e791f8faf7bbbc94d354cf7b6c3728dc303b7aa327dfe7a2aa6954320977c8f
libmpc3	arm64	1.3.1-1+b3	pool/main/m/mpclib3/libmpc3_1.3.1-1+b3_arm64.deb	50480	d4cfe026a624e51641c80ef2af77387185714f62f3b5c87035e62d9ed8d9eec1
libmpfr6	arm64	4.2.2-1	pool/main/m/mpfr4/libmpfr6_4.2.2-1_arm64.deb	685000	628a4ef58cc6815880f72e9d3953984a379a017e4042bc575f1fcbf3954d79ac
libncursesw6	arm64	6.5+20250216-2	pool/main/n/ncurses/libncursesw6_6.5+20250216-2_arm64.deb	124048	72121aeb08be2d915da321ddfae74f62a0764286f336279b2c2609ba07496d6d
libnettle8t64	arm64	3.10.1-1	pool/main/n/nettle/libnettle8t64_3.10.1-1_arm64.deb	310548	16107ce5a7b522da021fa8aba42d42af9c5e90ddabfcda3710aff6ea95808ee0
libpam-modules	arm64	1.7.0-5	pool/main/p/pam/libpam-modules_1.7.0-5_arm64.deb	172452	3c6c4b0be396f2a90d150effd480e06674d7d22739fe4c54ffbf95587fe2bcf4
libpam-modules-bin	arm64	1.7.0-5	pool/main/p/pam/libpam-modules-bin_1.7.0-5_arm64.deb	48272	8c50ad191934474b5177cba48aed2c4023ec8392ef7096808311315c50b3bfec
libpam-runtime	all	1.7.0-5	pool/main/p/pam/libpam-runtime_1.7.0-5_all.deb	248720	b02792c9ed6174db695a653b95ef3629fdac3a73ba1eff1754ab161b5711bfbf
libpam0g	arm64	1.7.0-5	pool/main/p/pam/libpam0g_1.7.0-5_arm64.deb	68776	2dd0fdc9af8a8a48f0a54581f74005d4d8623baa8aea9ac3d201624c3217b6d3
libpciaccess-dev	arm64	0.17-3+b3	pool/main/libp/libpciaccess/libpciaccess-dev_0.17-3+b3_arm64.deb	55964	f42cd8f269f075f9251de4fb3a94ab58f8c098104ec810ec89f80cd20c456868
libpciaccess0	arm64	0.17-3+b3	pool/main/libp/libpciaccess/libpciaccess0_0.17-3+b3_arm64.deb	51192	2d22631116e5eb4f2e49e6b1ec2933c68d72e4e54c07cf7a17b82f8073db40b2
libpcre2-8-0	arm64	10.46-1~deb13u1	pool/main/p/pcre2/libpcre2-8-0_10.46-1~deb13u1_arm64.deb	262004	f74d3e1082c2d6d2f7b4d47e41070de4a7e2f7f9d0e6e0c901ebfe0e82cdd3ee
libperl5.40	arm64	5.40.1-6	pool/main/p/perl/libperl5.40_5.40.1-6_arm64.deb	4142100	3ae323c6210a7844fb96aedec078b11a9d52405d77ef3adc4e5d4b55bce235e2
libpkgconf3	arm64	1.8.1-4	pool/main/p/pkgconf/libpkgconf3_1.8.1-4_arm64.deb	35324	8a9477ed7af47d7ddefa1fe02bf9f87d6778e8cc59062064f1b076880a7a14a5
libpython3-stdlib	arm64	3.13.5-1	pool/main/p/python3-defaults/libpython3-stdlib_3.13.5-1_arm64.deb	10180	0e5b09b3c90f34399a357c32e1be08a3f31b39d3c615464f00354b309f82e732
libpython3.13-minimal	arm64	3.13.5-2+deb13u3	pool/main/p/python3.13/libpython3.13-minimal_3.13.5-2+deb13u3_arm64.deb	856300	c5210fcdcbf293d7ccdb1a0ebb33fad11c87d027af89e6f5bb8cd62ed001defe
libpython3.13-stdlib	arm64	3.13.5-2+deb13u3	pool/main/p/python3.13/libpython3.13-stdlib_3.13.5-2+deb13u3_arm64.deb	1892732	88f3f041436676c627672955f39269abff8168196546fc65130aa31165c03981
libreadline8t64	arm64	8.2-6	pool/main/r/readline/libreadline8t64_8.2-6_arm64.deb	159264	f78ff432b2a627bc04f7eef0e6e2696501c9e06feca748a5b741d5e594429033
libseccomp2	arm64	2.6.0-2	pool/main/libs/libseccomp/libseccomp2_2.6.0-2_arm64.deb	51012	013d0af0444177960d5899f4673e35d492f31edfc40cb8d5a82bb56147ab2e35
libselinux1	arm64	3.8.1-1	pool/main/libs/libselinux/libselinux1_3.8.1-1_arm64.deb	79352	fc13da4c7783b8f4361d92ef1045931f298d1b0ac78ed1a85c2232615f49fc6f
libsframe1	arm64	2.44-3	pool/main/b/binutils/libsframe1_2.44-3_arm64.deb	77772	d4a90764fa79858347aaa3197bc4489404f005d9cdbea9b2ec75a607ea5ff518
libsmartcols1	arm64	2.41-5	pool/main/u/util-linux/libsmartcols1_2.41-5_arm64.deb	138688	ac0ae538118235b83de86121454488336a26767b612a34c2d387595cae3936e6
libsqlite3-0	arm64	3.46.1-7+deb13u1	pool/main/s/sqlite3/libsqlite3-0_3.46.1-7+deb13u1_arm64.deb	853772	69dd4b705eca29fe134c17f18aaa4cc9e7ecd01c0250d5e195358801514c76ac
libssl3t64	arm64	3.5.6-1~deb13u2	pool/main/o/openssl/libssl3t64_3.5.6-1~deb13u2_arm64.deb	2760128	f7e09a12ccb2d6bd28bcc87a6e2462a0558dcb3cc34d56f90ee86fbd3402d8ba
libstdc++-14-dev	arm64	14.2.0-19	pool/main/g/gcc-14/libstdc++-14-dev_14.2.0-19_arm64.deb	2294728	8760122d044cd8eb8c69426311d6b5ce7bb8f0f76e9cda1944d153ae878138f8
libstdc++6	arm64	14.2.0-19	pool/main/g/gcc-14/libstdc++6_14.2.0-19_arm64.deb	637536	6669b0c52a2e7c6af9adfdabce3ff6e286065cdfbc7b85280862b5f799daebee
libsystemd0	arm64	257.13-1~deb13u1	pool/main/s/systemd/libsystemd0_257.13-1~deb13u1_arm64.deb	422500	d2f63c408549c29eaefb6f4c948393edce99f45ee8e43c991391bef63fb7d54b
libtinfo6	arm64	6.5+20250216-2	pool/main/n/ncurses/libtinfo6_6.5+20250216-2_arm64.deb	341360	2a747f7fff3c2347c357387a7133df997410f07ba1b1df1a1461a97bd7fbc2fc
libtsan2	arm64	14.2.0-19	pool/main/g/gcc-14/libtsan2_14.2.0-19_arm64.deb	2383440	c767c05f3dade13b5780478366029f2ff32e44bea852c6a4d7a1f93f1363d3e3
libubsan1	arm64	14.2.0-19	pool/main/g/gcc-14/libubsan1_14.2.0-19_arm64.deb	1038924	b5539003465ea1e60f66b9e3a1019da182e826c82d480944f3656b12351c74c8
libudev1	arm64	257.13-1~deb13u1	pool/main/s/systemd/libudev1_257.13-1~deb13u1_arm64.deb	144536	459b1c9c17cc3c586e90d13d2a991715d498c6eed6c046cabf321021167bc380
libuuid1	arm64	2.41-5	pool/main/u/util-linux/libuuid1_2.41-5_arm64.deb	37412	85b7d04605f9d423d5699b3c07f027e8380649fd164a51e0712cded0cc56eced
libxxhash0	arm64	0.8.3-2	pool/main/x/xxhash/libxxhash0_0.8.3-2_arm64.deb	22276	66665776740ced6c5ddcb48a89a92b056d0dcb13851e1ff573d2b99b766e5c6c
libyaml-0-2	arm64	0.2.5-2	pool/main/liby/libyaml/libyaml-0-2_0.2.5-2_arm64.deb	49164	c81500b4c93e29ac28cdded7ec5bf9950c75f8c76c386669ccb6fb854c4daf72
libzstd1	arm64	1.5.7+dfsg-1	pool/main/libz/libzstd/libzstd1_1.5.7+dfsg-1_arm64.deb	266052	924540bd59fdbfa77a0604360efdaca54411a43daf11c7e002a3c64791b67448
linux-libc-dev	all	6.12.94-1	pool/main/l/linux/linux-libc-dev_6.12.94-1_all.deb	2847668	6183985d8fa4b97d277e8b55b10ad247bd98bc23aa8b531c1f79f05bfbf50997
m4	arm64	1.4.19-8	pool/main/m/m4/m4_1.4.19-8_arm64.deb	284832	6f1cd89c9f42844682e2aa8529511f53ad44d4ecb0f1df459a7302be0e1d4f85
make	arm64	4.4.1-2	pool/main/m/make-dfsg/make_4.4.1-2_arm64.deb	452396	043219839669c431def9bb410c4a827f115ee5bf377469d55c4ed905f81f73be
mawk	arm64	1.3.4.20250131-1	pool/main/m/mawk/mawk_1.3.4.20250131-1_arm64.deb	133820	0ab946ff4b8a34d93f81727957612f290c86cd0db39e849dc0ae5e3f3a9563d6
media-types	all	13.0.0	pool/main/m/media-types/media-types_13.0.0_all.deb	29336	0788e4b0b72db1bcf74a19cb24c3511e7770ad0b341f0f30e361701c3072f53e
meson	all	1.7.0-1	pool/main/m/meson/meson_1.7.0-1_all.deb	639072	e92d04e60e784336883d537755d09b7dcb856809fa318a0931df3898e84ded95
ncurses-base	all	6.5+20250216-2	pool/main/n/ncurses/ncurses-base_6.5+20250216-2_all.deb	273216	190e775260a38973c415a36ae99f33ad1b37ea6ca99929d7c5d53843fc23e914
ncurses-bin	arm64	6.5+20250216-2	pool/main/n/ncurses/ncurses-bin_6.5+20250216-2_arm64.deb	432224	7ac6919efb0effc9004caae758811bfe85bb486a057262822468e90d73d38458
netbase	all	6.5	pool/main/n/netbase/netbase_6.5_all.deb	12436	76bafa92947ebd37b0a6f9ec6570412041f56edebc1c66d323731216d318471e
ninja-build	arm64	1.12.1-1+b1	pool/main/n/ninja-build/ninja-build_1.12.1-1+b1_arm64.deb	130056	4afc3194ca4d4f051893f169daa48ba9eac769d76f3f13839e5ad0a9688b5fe6
openssl	arm64	3.5.6-1~deb13u2	pool/main/o/openssl/openssl_3.5.6-1~deb13u2_arm64.deb	1466984	1ee735e2480519bd1fd5f6576a879243bc81b9773059e1fa1ec8b8943c84e77c
openssl-provider-legacy	arm64	3.5.6-1~deb13u2	pool/main/o/openssl/openssl-provider-legacy_3.5.6-1~deb13u2_arm64.deb	310184	b099729f6a38d7d57f7f442f0f836c862673b9bb0ee65d757da6e3cdebbfd2a4
patch	arm64	2.8-2	pool/main/p/patch/patch_2.8-2_arm64.deb	128220	182ad723623dcd02dfe5054f3515a26d8bf4a9cce717f03e3e514c02cb9e59e8
perl	arm64	5.40.1-6	pool/main/p/perl/perl_5.40.1-6_arm64.deb	267336	68e82fa4deba7c9dc6b58c73f79b514f77521435b379e5680b8b8adfcd1d2b33
perl-base	arm64	5.40.1-6	pool/main/p/perl/perl-base_5.40.1-6_arm64.deb	1526636	65eef1a545207309b9ce87139be81be9dd12f24b0bd12be935cb36e51bdb6f2d
perl-modules-5.40	all	5.40.1-6	pool/main/p/perl/perl-modules-5.40_5.40.1-6_all.deb	3019100	dfd42c1bf0c45858488ad666b90de17f81b55e6f9c0d8ca530c27b4a66c08b0b
pkg-config	arm64	1.8.1-4	pool/main/p/pkgconf/pkg-config_1.8.1-4_arm64.deb	13968	fef9662964fa4ff2ebbeefe076adffad79374f744274085c8ce931d5feb462a1
pkgconf	arm64	1.8.1-4	pool/main/p/pkgconf/pkgconf_1.8.1-4_arm64.deb	26148	aaf89947e9a5a6d980d14f43dfde8d0ad4e869b5cd33567321ca8baeb7ee7740
pkgconf-bin	arm64	1.8.1-4	pool/main/p/pkgconf/pkgconf-bin_1.8.1-4_arm64.deb	29636	bce0638102650b61224901da320c2f867a91cfc133532a5fb526d2ce05465fe6
python3	arm64	3.13.5-1	pool/main/p/python3-defaults/python3_3.13.5-1_arm64.deb	28244	8d5be256bf3bb4f07afce1aa86f0595c6939e1a6c2ea939bdcb7b36351cbe021
python3-autocommand	all	2.2.2-3	pool/main/p/python-autocommand/python3-autocommand_2.2.2-3_all.deb	13608	1e62ac22ff83466228c051c6c2402a40f521646e15b5aa54cf2391206a848bad
python3-inflect	all	7.3.1-2	pool/main/p/python-inflect/python3-inflect_7.3.1-2_all.deb	32396	6c10dca4d4aa0eb0b4e16e8b62b74a073a8d22be8809c3f61c56b06fdd1451f8
python3-jaraco.context	all	6.0.1-1+deb13u1	pool/main/j/jaraco.context/python3-jaraco.context_6.0.1-1+deb13u1_all.deb	8492	f909ec7b00dd96a1905322acba7cdd2df09747ceddeef6e426a97b33ab227f80
python3-jaraco.functools	all	4.1.0-1	pool/main/p/python-jaraco.functools/python3-jaraco.functools_4.1.0-1_all.deb	11984	f5ac3e5f79b6394191d76ea7cde9255d8bae98f639886cb981444128f6545796
python3-jaraco.text	all	4.0.0-1	pool/main/j/jaraco.text/python3-jaraco.text_4.0.0-1_all.deb	11432	d5e060c9ba9d5206b53670cf2473681b45030cc6a55d18a8c6d87419a924e502
python3-mako	all	1.3.9-1	pool/main/m/mako/python3-mako_1.3.9-1_all.deb	83584	03454643ca7c76ffda4a511228b86fee330e1dc9fc5bd9914afe7c5047b991ef
python3-markupsafe	arm64	2.1.5-1+b4	pool/main/m/markupsafe/python3-markupsafe_2.1.5-1+b4_arm64.deb	14084	2fd29191e4509b87d6b826097f2380381d58a685ab8fb8fc709445cfb42197c9
python3-minimal	arm64	3.13.5-1	pool/main/p/python3-defaults/python3-minimal_3.13.5-1_arm64.deb	27244	b1dff61d3e68c83c747b03399356ba707d491bcaf6e495b575d46be3143cdec8
python3-more-itertools	all	10.7.0-1	pool/main/m/more-itertools/python3-more-itertools_10.7.0-1_all.deb	67416	385d785fa84261838732ec97627b4e95ec7399fc449d8a2aaaef66fb5f961c25
python3-packaging	all	25.0-1	pool/main/p/python-packaging/python3-packaging_25.0-1_all.deb	56568	d70c8469f6e9c6105e1ebcd3ebdc963f11dadbeddd89d2d1a2a3cb1c97d2ecbc
python3-pkg-resources	all	78.1.1-0.1	pool/main/s/setuptools/python3-pkg-resources_78.1.1-0.1_all.deb	224360	cf8749251172abc945216cf878367f614cf91d3d9a1043ba3bacc5a74e8cc1a8
python3-setuptools	all	78.1.1-0.1	pool/main/s/setuptools/python3-setuptools_78.1.1-0.1_all.deb	738228	90c4bc8e311873e5b571b407ce6b1fd38195dff77f9de056301a0f950e6df5a5
python3-typeguard	all	4.4.2-1	pool/main/p/python-typeguard/python3-typeguard_4.4.2-1_all.deb	37300	81e512101d7ab94e73646b9a8e4fb9b948836e3172dc5719ad3acbcde65bca01
python3-typing-extensions	all	4.13.2-1	pool/main/p/python-typing-extensions/python3-typing-extensions_4.13.2-1_all.deb	90500	b67662f211c35c17c74a0725bc7c8ffc3b126c650e2a2525593adee06f2bbf69
python3-yaml	arm64	6.0.2-1+b2	pool/main/p/pyyaml/python3-yaml_6.0.2-1+b2_arm64.deb	121812	b83a9ccdc2d1d1f2e36c7c333d36b0151cc89f1d45568e28bcab1f00c72a3498
python3-zipp	all	3.21.0-1	pool/main/p/python-zipp/python3-zipp_3.21.0-1_all.deb	10584	6cd0f768a5e5c574c7ae4b9d56603f8399b31de732167007e42fc17decc5cc6a
python3.13	arm64	3.13.5-2+deb13u3	pool/main/p/python3.13/python3.13_3.13.5-2+deb13u3_arm64.deb	757384	47af7a6a254dfe18365f680b2a0dabec9188d054c81d6d3f8caaa55e53e0871a
python3.13-minimal	arm64	3.13.5-2+deb13u3	pool/main/p/python3.13/python3.13-minimal_3.13.5-2+deb13u3_arm64.deb	2002540	d64a87f3dc9b3b52567cda12096312767b19f8f3995d4051f79a2435d3d994de
readline-common	all	8.2-6	pool/main/r/readline/readline-common_8.2-6_all.deb	69360	f77e8aa0bf0de618f11cb0b21658a4ed60f177d63b3cf26d7fc3706b6d0eaaa9
rpcsvc-proto	arm64	1.4.3-1+b1	pool/main/r/rpcsvc-proto/rpcsvc-proto_1.4.3-1+b1_arm64.deb	60468	6ae3c216e6c7d8e042ad3f122b8aa89aff56b2b5174b1c5780a7841b3becd61c
sed	arm64	4.9-2+deb13u1	pool/main/s/sed/sed_4.9-2+deb13u1_arm64.deb	325712	c654fa045de8cc722855b8db59990b703cb7299c897c6e187bf949d42df82b62
spirv-tools	arm64	2025.1~rc1-1	pool/main/s/spirv-tools/spirv-tools_2025.1~rc1-1_arm64.deb	3931388	43a80e52a5b07920fd567cf97bddd0a68c50dab5296a7531385f5ec880c16345
sq	arm64	1.3.1-2+b2	pool/main/r/rust-sequoia-sq/sq_1.3.1-2+b2_arm64.deb	4979396	36056ef6072827568b4f7d56098a6adfc499346dadcd284ded7857ea4bbd9120
sqv	arm64	1.3.0-3+b2	pool/main/r/rust-sequoia-sqv/sqv_1.3.0-3+b2_arm64.deb	611508	feb611506f420594bf767b1a8748429802ff4f324536ab1154bcc61478b9a8b6
sysvinit-utils	arm64	3.14-4	pool/main/s/sysvinit/sysvinit-utils_3.14-4_arm64.deb	33960	1366e87a382a6b95a0a7c507b8f1be9b193f772f3428f9f7e0271a217915cfae
tar	arm64	1.35+dfsg-3.1	pool/main/t/tar/tar_1.35+dfsg-3.1_arm64.deb	802008	c460a8294202ca3802b7c703b0bd70dd8bda1f2fc8785839595cf9d5e060d71b
tzdata	all	2026b-0+deb13u1	pool/main/t/tzdata/tzdata_2026b-0+deb13u1_all.deb	264316	306013b77311e875620e89f43c447765a6c72b7b398e0baa8e5721bcbbdf66cf
util-linux	arm64	2.41-5	pool/main/u/util-linux/util-linux_2.41-5_arm64.deb	1191312	d336901e4c1aedf268837d41a4e1004faa9b7ad4f1e6763f01711b487a4c18ce
xz-utils	arm64	5.8.1-1+deb13u1	pool/main/x/xz-utils/xz-utils_5.8.1-1+deb13u1_arm64.deb	657732	07b6145c6c934d744c712c252b293ce506d427ea127c7f77b711c518aead54b3
zlib1g	arm64	1:1.3.dfsg+really1.3.1-1+b1	pool/main/z/zlib/zlib1g_1.3.dfsg+really1.3.1-1+b1_arm64.deb	85116	209aa5cf671e97b9eb0410844fa6df4cae2e75b0c72e7802ab6c8ece13e6ddef
