role	logical_name	sha256	storage
reference_boot	D-repro-01-kernel-Dv43-qca6390-v2-complete-fcsource-boot.img	0b6c7d88b3068ae4e3d106fd4b15a1a79bf00c3e576be7b3fcd8ab62faed73ad	external immutable input
source_archive	linux-xiaomi-lmi-a5b3099017ae581aae8bf597b2f9c8c765026af1.tar.gz	9e3bde7cde952682225a0375444bd3c1d33d99ddb80fa17b6a3abf3957f36c94	external immutable input
locked_config	dv43-qca6390-v2.config	6512a0c29ebf987d25c0cceb79917df32d6fed4b67e4c3b94bfad9fdb1745e37	tracked kernel/configs/
historical_patch_1	0001-mobian-add-boot-safe-QCA6390-UART-support-and-restor.patch	d193cfbaad83811703f5db5990eaa52358e1828af581e09c702f4efa10aec782	tracked kernel/patches/
historical_patch_2	0002-esoc-preserve-crash-state-on-late-run-notification.patch	c94fe70ae385e1f74fb56566b9743d4b5df23b6fc42aeabecbdbee9c3a2004aa	tracked kernel/patches/
diagnostic_patch	0001-lmi-wcd938x-rx-soundwire-diagnostic.patch	2d5c2188356b0708ebf88b6a2694b216b4ccb62e6e8ab74124a53ea96d3b6e79	tracked kernel/diagnostics/audio/patches/
functional_reset_patch	0001-lmi-wcd938x-reset-gpio-mux.patch	1d1859556bb05c207b70225ecccc922c9338eff485f729012abc41ba75fbfef7	tracked kernel/patches/audio/
boot_kernel_section	kernel	471aeec72355094754a82d478a9c4f8b4e8edb4b0a94368fb8fd594a776bbbfb	external derived section
boot_ramdisk_section	ramdisk	301e1222e3043353a46e4b904ca8cba37c19640634d01cbb56c94acbe0e5b5b9	external derived section
boot_dtb_section	dtb	212d80826ceef522aff2d967082b5708d20ddccc13ae322edce72412f1a06b51	external derived section
unpack_bootimg_tool	unpack_bootimg	a9d260978a63bd06a24b6347e7dee8a28ff96639793caea15dff6aa491316308	external verified host tool
mkbootimg_tool	mkbootimg	37d84b3d162e0bc62e36c1f4e1c63c85ea0caa9f29be023eb2f8efe006ad948c	external verified host tool
